{
    "pol.01.xml": 0.7815552950371238,
    "pol.02.xml": 0.6643220007815553,
    "pol.1s.00.xml": 0.7142857142857143,
    "pol.1s.01.xml": 0.6565064478311841,
    "pol.1s.02.xml": 0.6565064478311841,
    "pol.1s.03.xml": 0.6565064478311841,
    "pol.1s.04.xml": 0.5744431418522861,
    "pol.1s.05.xml": 0.5744431418522861,
    "pol.1s.06.xml": 0.5744431418522861,
    "pol.1s.07.xml": 0.6565064478311841,
    "pol.s2.07.xml": 0.7878077373974208,
    "test.01.xml": 0.675,
    "test.02.xml": 0.591715976331361
}