{
    "pol.01.xml": 0.8221961703790543,
    "pol.02.xml": 0.7033997655334114,
    "pol.1s.00.xml": 0.7857142857142857,
    "pol.1s.01.xml": 0.6565064478311841,
    "pol.1s.02.xml": 0.6565064478311841,
    "pol.1s.03.xml": 0.6565064478311841,
    "pol.1s.04.xml": 0.6565064478311841,
    "pol.1s.05.xml": 0.6565064478311841,
    "pol.1s.06.xml": 0.6565064478311841,
    "pol.1s.07.xml": 0.6565064478311841,
    "pol.s2.07.xml": 0.7940601797577178,
    "test.01.xml": 0.675,
    "test.02.xml": 0.591715976331361
}